datetime,price,moving_average,raw_signal,weighted_signal,normalized_signal,current_num_factors,current_normalization_factor,current_multiplier
2025-01-05 02:03:51.158,98118.75309342929,,,,,0.0,0.0,1.0
2025-01-05 03:03:45.049,98209.76129204805,,,,,0.0,0.0,1.0
2025-01-05 04:03:39.688,98166.25388666027,,,,,0.0,0.0,1.0
2025-01-05 05:03:36.996,98328.29404861871,,,,,0.0,0.0,1.0
2025-01-05 06:00:58.589,98332.78555774728,98231.16957570073,101.61598204655456,101.61598204655456,inf,0.0,0.0,1.0
2025-01-05 02:03:51.158,98118.75309342929,,,,,1.0,0.0,1.1
2025-01-05 03:03:45.049,98209.76129204805,,,,,1.0,0.0,1.1
2025-01-05 04:03:39.688,98166.25388666027,,,,,1.0,0.0,1.1
2025-01-05 05:03:36.996,98328.29404861871,,,,,1.0,0.0,1.1
2025-01-05 06:00:58.589,98332.78555774728,98231.16957570073,101.61598204655456,111.77758025121003,inf,1.0,0.0,1.1
2025-01-05 02:03:51.158,98118.75309342929,,,,,2.0,0.0,1.2
2025-01-05 03:03:45.049,98209.76129204805,,,,,2.0,0.0,1.2
2025-01-05 04:03:39.688,98166.25388666027,,,,,2.0,0.0,1.2
2025-01-05 05:03:36.996,98328.29404861871,,,,,2.0,0.0,1.2
2025-01-05 06:00:58.589,98332.78555774728,98231.16957570073,101.61598204655456,121.93917845586547,inf,2.0,0.0,1.2
2025-01-05 02:03:51.158,98118.75309342929,,,,,3.0,0.0,1.3
2025-01-05 03:03:45.049,98209.76129204805,,,,,3.0,0.0,1.3
2025-01-05 04:03:39.688,98166.25388666027,,,,,3.0,0.0,1.3
2025-01-05 05:03:36.996,98328.29404861871,,,,,3.0,0.0,1.3
2025-01-05 06:00:58.589,98332.78555774728,98231.16957570073,101.61598204655456,132.10077666052095,inf,3.0,0.0,1.3
2025-01-05 02:03:51.158,98118.75309342929,,,,,4.0,0.0,1.4
2025-01-05 03:03:45.049,98209.76129204805,,,,,4.0,0.0,1.4
2025-01-05 04:03:39.688,98166.25388666027,,,,,4.0,0.0,1.4
2025-01-05 05:03:36.996,98328.29404861871,,,,,4.0,0.0,1.4
2025-01-05 06:00:58.589,98332.78555774728,98231.16957570073,101.61598204655456,142.26237486517638,inf,4.0,0.0,1.4
2025-01-05 02:03:51.158,98118.75309342929,,,,,5.0,0.0,1.5
2025-01-05 03:03:45.049,98209.76129204805,,,,,5.0,0.0,1.5
2025-01-05 04:03:39.688,98166.25388666027,,,,,5.0,0.0,1.5
2025-01-05 05:03:36.996,98328.29404861871,,,,,5.0,0.0,1.5
2025-01-05 06:00:58.589,98332.78555774728,98231.16957570073,101.61598204655456,152.42397306983185,inf,5.0,0.0,1.5
2025-01-05 02:03:51.158,98118.75309342929,,,,,6.0,0.0,1.6
2025-01-05 03:03:45.049,98209.76129204805,,,,,6.0,0.0,1.6
2025-01-05 04:03:39.688,98166.25388666027,,,,,6.0,0.0,1.6
2025-01-05 05:03:36.996,98328.29404861871,,,,,6.0,0.0,1.6
2025-01-05 06:00:58.589,98332.78555774728,98231.16957570073,101.61598204655456,162.5855712744873,inf,6.0,0.0,1.6
2025-01-05 02:03:51.158,98118.75309342929,,,,,7.0,0.0,1.7000000000000002
2025-01-05 03:03:45.049,98209.76129204805,,,,,7.0,0.0,1.7000000000000002
2025-01-05 04:03:39.688,98166.25388666027,,,,,7.0,0.0,1.7000000000000002
2025-01-05 05:03:36.996,98328.29404861871,,,,,7.0,0.0,1.7000000000000002
2025-01-05 06:00:58.589,98332.78555774728,98231.16957570073,101.61598204655456,172.74716947914277,inf,7.0,0.0,1.7000000000000002
2025-01-05 02:03:51.158,98118.75309342929,,,,,8.0,0.0,1.8
2025-01-05 03:03:45.049,98209.76129204805,,,,,8.0,0.0,1.8
2025-01-05 04:03:39.688,98166.25388666027,,,,,8.0,0.0,1.8
2025-01-05 05:03:36.996,98328.29404861871,,,,,8.0,0.0,1.8
2025-01-05 06:00:58.589,98332.78555774728,98231.16957570073,101.61598204655456,182.90876768379823,inf,8.0,0.0,1.8
2025-01-05 02:03:51.158,98118.75309342929,,,,,9.0,0.0,1.9
2025-01-05 03:03:45.049,98209.76129204805,,,,,9.0,0.0,1.9
2025-01-05 04:03:39.688,98166.25388666027,,,,,9.0,0.0,1.9
2025-01-05 05:03:36.996,98328.29404861871,,,,,9.0,0.0,1.9
2025-01-05 06:00:58.589,98332.78555774728,98231.16957570073,101.61598204655456,193.07036588845367,inf,9.0,0.0,1.9
2025-01-05 02:03:51.158,98118.75309342929,,,,,10.0,0.0,2.0
2025-01-05 03:03:45.049,98209.76129204805,,,,,10.0,0.0,2.0
2025-01-05 04:03:39.688,98166.25388666027,,,,,10.0,0.0,2.0
2025-01-05 05:03:36.996,98328.29404861871,,,,,10.0,0.0,2.0
2025-01-05 06:00:58.589,98332.78555774728,98231.16957570073,101.61598204655456,203.23196409310913,inf,10.0,0.0,2.0
2025-01-05 02:03:51.158,98118.75309342929,,,,,11.0,0.0,2.1
2025-01-05 03:03:45.049,98209.76129204805,,,,,11.0,0.0,2.1
2025-01-05 04:03:39.688,98166.25388666027,,,,,11.0,0.0,2.1
2025-01-05 05:03:36.996,98328.29404861871,,,,,11.0,0.0,2.1
2025-01-05 06:00:58.589,98332.78555774728,98231.16957570073,101.61598204655456,213.3935622977646,inf,11.0,0.0,2.1
2025-01-05 02:03:51.158,98118.75309342929,,,,,12.0,0.0,2.2
2025-01-05 03:03:45.049,98209.76129204805,,,,,12.0,0.0,2.2
2025-01-05 04:03:39.688,98166.25388666027,,,,,12.0,0.0,2.2
2025-01-05 05:03:36.996,98328.29404861871,,,,,12.0,0.0,2.2
2025-01-05 06:00:58.589,98332.78555774728,98231.16957570073,101.61598204655456,223.55516050242005,inf,12.0,0.0,2.2
2025-01-05 02:03:51.158,98118.75309342929,,,,,13.0,0.0,2.3
2025-01-05 03:03:45.049,98209.76129204805,,,,,13.0,0.0,2.3
2025-01-05 04:03:39.688,98166.25388666027,,,,,13.0,0.0,2.3
2025-01-05 05:03:36.996,98328.29404861871,,,,,13.0,0.0,2.3
2025-01-05 06:00:58.589,98332.78555774728,98231.16957570073,101.61598204655456,233.71675870707548,inf,13.0,0.0,2.3
2025-01-05 02:03:51.158,98118.75309342929,,,,,14.0,0.0,2.4000000000000004
2025-01-05 03:03:45.049,98209.76129204805,,,,,14.0,0.0,2.4000000000000004
2025-01-05 04:03:39.688,98166.25388666027,,,,,14.0,0.0,2.4000000000000004
2025-01-05 05:03:36.996,98328.29404861871,,,,,14.0,0.0,2.4000000000000004
2025-01-05 06:00:58.589,98332.78555774728,98231.16957570073,101.61598204655456,243.87835691173098,inf,14.0,0.0,2.4000000000000004
2025-01-05 02:03:51.158,98118.75309342929,,,,,15.0,0.0,2.5
2025-01-05 03:03:45.049,98209.76129204805,,,,,15.0,0.0,2.5
2025-01-05 04:03:39.688,98166.25388666027,,,,,15.0,0.0,2.5
2025-01-05 05:03:36.996,98328.29404861871,,,,,15.0,0.0,2.5
2025-01-05 06:00:58.589,98332.78555774728,98231.16957570073,101.61598204655456,254.0399551163864,inf,15.0,0.0,2.5
2025-01-05 02:03:51.158,98118.75309342929,,,,,16.0,0.0,2.6
2025-01-05 03:03:45.049,98209.76129204805,,,,,16.0,0.0,2.6
2025-01-05 04:03:39.688,98166.25388666027,,,,,16.0,0.0,2.6
2025-01-05 05:03:36.996,98328.29404861871,,,,,16.0,0.0,2.6
2025-01-05 06:00:58.589,98332.78555774728,98231.16957570073,101.61598204655456,264.2015533210419,inf,16.0,0.0,2.6
2025-01-05 02:03:51.158,98118.75309342929,,,,,17.0,0.0,2.7
2025-01-05 03:03:45.049,98209.76129204805,,,,,17.0,0.0,2.7
2025-01-05 04:03:39.688,98166.25388666027,,,,,17.0,0.0,2.7
2025-01-05 05:03:36.996,98328.29404861871,,,,,17.0,0.0,2.7
2025-01-05 06:00:58.589,98332.78555774728,98231.16957570073,101.61598204655456,274.36315152569733,inf,17.0,0.0,2.7
2025-01-05 02:03:51.158,98118.75309342929,,,,,18.0,0.0,2.8
2025-01-05 03:03:45.049,98209.76129204805,,,,,18.0,0.0,2.8
2025-01-05 04:03:39.688,98166.25388666027,,,,,18.0,0.0,2.8
2025-01-05 05:03:36.996,98328.29404861871,,,,,18.0,0.0,2.8
2025-01-05 06:00:58.589,98332.78555774728,98231.16957570073,101.61598204655456,284.52474973035277,inf,18.0,0.0,2.8
2025-01-05 02:03:51.158,98118.75309342929,,,,,19.0,0.0,2.9000000000000004
2025-01-05 03:03:45.049,98209.76129204805,,,,,19.0,0.0,2.9000000000000004
2025-01-05 04:03:39.688,98166.25388666027,,,,,19.0,0.0,2.9000000000000004
2025-01-05 05:03:36.996,98328.29404861871,,,,,19.0,0.0,2.9000000000000004
2025-01-05 06:00:58.589,98332.78555774728,98231.16957570073,101.61598204655456,294.68634793500826,inf,19.0,0.0,2.9000000000000004
2025-01-05 02:03:51.158,98118.75309342929,,,,,20.0,0.0,3.0
2025-01-05 03:03:45.049,98209.76129204805,,,,,20.0,0.0,3.0
2025-01-05 04:03:39.688,98166.25388666027,,,,,20.0,0.0,3.0
2025-01-05 05:03:36.996,98328.29404861871,,,,,20.0,0.0,3.0
2025-01-05 06:00:58.589,98332.78555774728,98231.16957570073,101.61598204655456,304.8479461396637,inf,20.0,0.0,3.0
2025-01-05 02:03:51.158,98118.75309342929,,,,,21.0,0.0,3.1
2025-01-05 03:03:45.049,98209.76129204805,,,,,21.0,0.0,3.1
2025-01-05 04:03:39.688,98166.25388666027,,,,,21.0,0.0,3.1
2025-01-05 05:03:36.996,98328.29404861871,,,,,21.0,0.0,3.1
2025-01-05 06:00:58.589,98332.78555774728,98231.16957570073,101.61598204655456,315.0095443443192,inf,21.0,0.0,3.1
2025-01-05 02:03:51.158,98118.75309342929,,,,,22.0,0.0,3.2
2025-01-05 03:03:45.049,98209.76129204805,,,,,22.0,0.0,3.2
2025-01-05 04:03:39.688,98166.25388666027,,,,,22.0,0.0,3.2
2025-01-05 05:03:36.996,98328.29404861871,,,,,22.0,0.0,3.2
2025-01-05 06:00:58.589,98332.78555774728,98231.16957570073,101.61598204655456,325.1711425489746,inf,22.0,0.0,3.2
2025-01-05 02:03:51.158,98118.75309342929,,,,,23.0,0.0,3.3000000000000003
2025-01-05 03:03:45.049,98209.76129204805,,,,,23.0,0.0,3.3000000000000003
2025-01-05 04:03:39.688,98166.25388666027,,,,,23.0,0.0,3.3000000000000003
2025-01-05 05:03:36.996,98328.29404861871,,,,,23.0,0.0,3.3000000000000003
2025-01-05 06:00:58.589,98332.78555774728,98231.16957570073,101.61598204655456,335.3327407536301,inf,23.0,0.0,3.3000000000000003
2025-01-05 02:03:51.158,98118.75309342929,,,,,24.0,0.0,3.4000000000000004
2025-01-05 03:03:45.049,98209.76129204805,,,,,24.0,0.0,3.4000000000000004
2025-01-05 04:03:39.688,98166.25388666027,,,,,24.0,0.0,3.4000000000000004
2025-01-05 05:03:36.996,98328.29404861871,,,,,24.0,0.0,3.4000000000000004
2025-01-05 06:00:58.589,98332.78555774728,98231.16957570073,101.61598204655456,345.49433895828554,inf,24.0,0.0,3.4000000000000004
2025-01-05 02:03:51.158,98118.75309342929,,,,,25.0,0.0,3.5
2025-01-05 03:03:45.049,98209.76129204805,,,,,25.0,0.0,3.5
2025-01-05 04:03:39.688,98166.25388666027,,,,,25.0,0.0,3.5
2025-01-05 05:03:36.996,98328.29404861871,,,,,25.0,0.0,3.5
2025-01-05 06:00:58.589,98332.78555774728,98231.16957570073,101.61598204655456,355.655937162941,inf,25.0,0.0,3.5
2025-01-05 02:03:51.158,98118.75309342929,,,,,26.0,0.0,3.6
2025-01-05 03:03:45.049,98209.76129204805,,,,,26.0,0.0,3.6
2025-01-05 04:03:39.688,98166.25388666027,,,,,26.0,0.0,3.6
2025-01-05 05:03:36.996,98328.29404861871,,,,,26.0,0.0,3.6
2025-01-05 06:00:58.589,98332.78555774728,98231.16957570073,101.61598204655456,365.81753536759646,inf,26.0,0.0,3.6
2025-01-05 02:03:51.158,98118.75309342929,,,,,27.0,0.0,3.7
2025-01-05 03:03:45.049,98209.76129204805,,,,,27.0,0.0,3.7
2025-01-05 04:03:39.688,98166.25388666027,,,,,27.0,0.0,3.7
2025-01-05 05:03:36.996,98328.29404861871,,,,,27.0,0.0,3.7
2025-01-05 06:00:58.589,98332.78555774728,98231.16957570073,101.61598204655456,375.9791335722519,inf,27.0,0.0,3.7
2025-01-05 02:03:51.158,98118.75309342929,,,,,28.0,0.0,3.8000000000000003
2025-01-05 03:03:45.049,98209.76129204805,,,,,28.0,0.0,3.8000000000000003
2025-01-05 04:03:39.688,98166.25388666027,,,,,28.0,0.0,3.8000000000000003
2025-01-05 05:03:36.996,98328.29404861871,,,,,28.0,0.0,3.8000000000000003
2025-01-05 06:00:58.589,98332.78555774728,98231.16957570073,101.61598204655456,386.1407317769074,inf,28.0,0.0,3.8000000000000003
2025-01-05 02:03:51.158,98118.75309342929,,,,,29.0,0.0,3.9000000000000004
2025-01-05 03:03:45.049,98209.76129204805,,,,,29.0,0.0,3.9000000000000004
2025-01-05 04:03:39.688,98166.25388666027,,,,,29.0,0.0,3.9000000000000004
2025-01-05 05:03:36.996,98328.29404861871,,,,,29.0,0.0,3.9000000000000004
2025-01-05 06:00:58.589,98332.78555774728,98231.16957570073,101.61598204655456,396.3023299815628,inf,29.0,0.0,3.9000000000000004
2025-01-05 02:03:51.158,98118.75309342929,,,,,30.0,0.0,4.0
2025-01-05 03:03:45.049,98209.76129204805,,,,,30.0,0.0,4.0
2025-01-05 04:03:39.688,98166.25388666027,,,,,30.0,0.0,4.0
2025-01-05 05:03:36.996,98328.29404861871,,,,,30.0,0.0,4.0
2025-01-05 06:00:58.589,98332.78555774728,98231.16957570073,101.61598204655456,406.46392818621825,inf,30.0,0.0,4.0
2025-01-05 02:03:51.158,98118.75309342929,,,,,31.0,0.0,4.1
2025-01-05 03:03:45.049,98209.76129204805,,,,,31.0,0.0,4.1
2025-01-05 04:03:39.688,98166.25388666027,,,,,31.0,0.0,4.1
2025-01-05 05:03:36.996,98328.29404861871,,,,,31.0,0.0,4.1
2025-01-05 06:00:58.589,98332.78555774728,98231.16957570073,101.61598204655456,416.6255263908737,inf,31.0,0.0,4.1
2025-01-05 02:03:51.158,98118.75309342929,,,,,32.0,0.0,4.2
2025-01-05 03:03:45.049,98209.76129204805,,,,,32.0,0.0,4.2
2025-01-05 04:03:39.688,98166.25388666027,,,,,32.0,0.0,4.2
2025-01-05 05:03:36.996,98328.29404861871,,,,,32.0,0.0,4.2
2025-01-05 06:00:58.589,98332.78555774728,98231.16957570073,101.61598204655456,426.7871245955292,inf,32.0,0.0,4.2
2025-01-05 02:03:51.158,98118.75309342929,,,,,33.0,0.0,4.300000000000001
2025-01-05 03:03:45.049,98209.76129204805,,,,,33.0,0.0,4.300000000000001
2025-01-05 04:03:39.688,98166.25388666027,,,,,33.0,0.0,4.300000000000001
2025-01-05 05:03:36.996,98328.29404861871,,,,,33.0,0.0,4.300000000000001
2025-01-05 06:00:58.589,98332.78555774728,98231.16957570073,101.61598204655456,436.94872280018467,inf,33.0,0.0,4.300000000000001
2025-01-05 02:03:51.158,98118.75309342929,,,,,34.0,0.0,4.4
2025-01-05 03:03:45.049,98209.76129204805,,,,,34.0,0.0,4.4
2025-01-05 04:03:39.688,98166.25388666027,,,,,34.0,0.0,4.4
2025-01-05 05:03:36.996,98328.29404861871,,,,,34.0,0.0,4.4
2025-01-05 06:00:58.589,98332.78555774728,98231.16957570073,101.61598204655456,447.1103210048401,inf,34.0,0.0,4.4
2025-01-05 02:03:51.158,98118.75309342929,,,,,35.0,0.0,4.5
2025-01-05 03:03:45.049,98209.76129204805,,,,,35.0,0.0,4.5
2025-01-05 04:03:39.688,98166.25388666027,,,,,35.0,0.0,4.5
2025-01-05 05:03:36.996,98328.29404861871,,,,,35.0,0.0,4.5
2025-01-05 06:00:58.589,98332.78555774728,98231.16957570073,101.61598204655456,457.27191920949554,inf,35.0,0.0,4.5
2025-01-05 02:03:51.158,98118.75309342929,,,,,36.0,0.0,4.6
2025-01-05 03:03:45.049,98209.76129204805,,,,,36.0,0.0,4.6
2025-01-05 04:03:39.688,98166.25388666027,,,,,36.0,0.0,4.6
2025-01-05 05:03:36.996,98328.29404861871,,,,,36.0,0.0,4.6
2025-01-05 06:00:58.589,98332.78555774728,98231.16957570073,101.61598204655456,467.43351741415097,inf,36.0,0.0,4.6
2025-01-05 02:03:51.158,98118.75309342929,,,,,37.0,0.0,4.7
2025-01-05 03:03:45.049,98209.76129204805,,,,,37.0,0.0,4.7
2025-01-05 04:03:39.688,98166.25388666027,,,,,37.0,0.0,4.7
2025-01-05 05:03:36.996,98328.29404861871,,,,,37.0,0.0,4.7
2025-01-05 06:00:58.589,98332.78555774728,98231.16957570073,101.61598204655456,477.59511561880646,inf,37.0,0.0,4.7
2025-01-05 02:03:51.158,98118.75309342929,,,,,38.0,0.0,4.800000000000001
2025-01-05 03:03:45.049,98209.76129204805,,,,,38.0,0.0,4.800000000000001
2025-01-05 04:03:39.688,98166.25388666027,,,,,38.0,0.0,4.800000000000001
2025-01-05 05:03:36.996,98328.29404861871,,,,,38.0,0.0,4.800000000000001
2025-01-05 06:00:58.589,98332.78555774728,98231.16957570073,101.61598204655456,487.75671382346195,inf,38.0,0.0,4.800000000000001
2025-01-05 02:03:51.158,98118.75309342929,,,,,39.0,0.0,4.9
2025-01-05 03:03:45.049,98209.76129204805,,,,,39.0,0.0,4.9
2025-01-05 04:03:39.688,98166.25388666027,,,,,39.0,0.0,4.9
2025-01-05 05:03:36.996,98328.29404861871,,,,,39.0,0.0,4.9
2025-01-05 06:00:58.589,98332.78555774728,98231.16957570073,101.61598204655456,497.9183120281174,inf,39.0,0.0,4.9
2025-01-05 02:03:51.158,98118.75309342929,,,,,40.0,0.0,5.0
2025-01-05 03:03:45.049,98209.76129204805,,,,,40.0,0.0,5.0
2025-01-05 04:03:39.688,98166.25388666027,,,,,40.0,0.0,5.0
2025-01-05 05:03:36.996,98328.29404861871,,,,,40.0,0.0,5.0
2025-01-05 06:00:58.589,98332.78555774728,98231.16957570073,101.61598204655456,508.0799102327728,inf,40.0,0.0,5.0
2025-01-05 02:03:51.158,98118.75309342929,,,,,41.0,0.0,5.1000000000000005
2025-01-05 03:03:45.049,98209.76129204805,,,,,41.0,0.0,5.1000000000000005
2025-01-05 04:03:39.688,98166.25388666027,,,,,41.0,0.0,5.1000000000000005
2025-01-05 05:03:36.996,98328.29404861871,,,,,41.0,0.0,5.1000000000000005
2025-01-05 06:00:58.589,98332.78555774728,98231.16957570073,101.61598204655456,518.2415084374284,inf,41.0,0.0,5.1000000000000005
2025-01-05 02:03:51.158,98118.75309342929,,,,,42.0,0.0,5.2
2025-01-05 03:03:45.049,98209.76129204805,,,,,42.0,0.0,5.2
2025-01-05 04:03:39.688,98166.25388666027,,,,,42.0,0.0,5.2
2025-01-05 05:03:36.996,98328.29404861871,,,,,42.0,0.0,5.2
2025-01-05 06:00:58.589,98332.78555774728,98231.16957570073,101.61598204655456,528.4031066420838,inf,42.0,0.0,5.2
2025-01-05 02:03:51.158,98118.75309342929,,,,,43.0,0.0,5.3
2025-01-05 03:03:45.049,98209.76129204805,,,,,43.0,0.0,5.3
2025-01-05 04:03:39.688,98166.25388666027,,,,,43.0,0.0,5.3
2025-01-05 05:03:36.996,98328.29404861871,,,,,43.0,0.0,5.3
2025-01-05 06:00:58.589,98332.78555774728,98231.16957570073,101.61598204655456,538.5647048467391,inf,43.0,0.0,5.3
2025-01-05 02:03:51.158,98118.75309342929,,,,,44.0,0.0,5.4
2025-01-05 03:03:45.049,98209.76129204805,,,,,44.0,0.0,5.4
2025-01-05 04:03:39.688,98166.25388666027,,,,,44.0,0.0,5.4
2025-01-05 05:03:36.996,98328.29404861871,,,,,44.0,0.0,5.4
2025-01-05 06:00:58.589,98332.78555774728,98231.16957570073,101.61598204655456,548.7263030513947,inf,44.0,0.0,5.4
2025-01-05 02:03:51.158,98118.75309342929,,,,,45.0,0.0,5.5
2025-01-05 03:03:45.049,98209.76129204805,,,,,45.0,0.0,5.5
2025-01-05 04:03:39.688,98166.25388666027,,,,,45.0,0.0,5.5
2025-01-05 05:03:36.996,98328.29404861871,,,,,45.0,0.0,5.5
2025-01-05 06:00:58.589,98332.78555774728,98231.16957570073,101.61598204655456,558.8879012560501,inf,45.0,0.0,5.5
2025-01-05 02:03:51.158,98118.75309342929,,,,,46.0,0.0,5.6000000000000005
2025-01-05 03:03:45.049,98209.76129204805,,,,,46.0,0.0,5.6000000000000005
2025-01-05 04:03:39.688,98166.25388666027,,,,,46.0,0.0,5.6000000000000005
2025-01-05 05:03:36.996,98328.29404861871,,,,,46.0,0.0,5.6000000000000005
2025-01-05 06:00:58.589,98332.78555774728,98231.16957570073,101.61598204655456,569.0494994607056,inf,46.0,0.0,5.6000000000000005
2025-01-05 02:03:51.158,98118.75309342929,,,,,47.0,0.0,5.7
2025-01-05 03:03:45.049,98209.76129204805,,,,,47.0,0.0,5.7
2025-01-05 04:03:39.688,98166.25388666027,,,,,47.0,0.0,5.7
2025-01-05 05:03:36.996,98328.29404861871,,,,,47.0,0.0,5.7
2025-01-05 06:00:58.589,98332.78555774728,98231.16957570073,101.61598204655456,579.2110976653611,inf,47.0,0.0,5.7
2025-01-05 02:03:51.158,98118.75309342929,,,,,48.0,0.0,5.800000000000001
2025-01-05 03:03:45.049,98209.76129204805,,,,,48.0,0.0,5.800000000000001
2025-01-05 04:03:39.688,98166.25388666027,,,,,48.0,0.0,5.800000000000001
2025-01-05 05:03:36.996,98328.29404861871,,,,,48.0,0.0,5.800000000000001
2025-01-05 06:00:58.589,98332.78555774728,98231.16957570073,101.61598204655456,589.3726958700165,inf,48.0,0.0,5.800000000000001
2025-01-05 02:03:51.158,98118.75309342929,,,,,49.0,0.0,5.9
2025-01-05 03:03:45.049,98209.76129204805,,,,,49.0,0.0,5.9
2025-01-05 04:03:39.688,98166.25388666027,,,,,49.0,0.0,5.9
2025-01-05 05:03:36.996,98328.29404861871,,,,,49.0,0.0,5.9
2025-01-05 06:00:58.589,98332.78555774728,98231.16957570073,101.61598204655456,599.534294074672,inf,49.0,0.0,5.9
2025-01-05 02:03:51.158,98118.75309342929,,,,,50.0,0.0,6.0
2025-01-05 03:03:45.049,98209.76129204805,,,,,50.0,0.0,6.0
2025-01-05 04:03:39.688,98166.25388666027,,,,,50.0,0.0,6.0
2025-01-05 05:03:36.996,98328.29404861871,,,,,50.0,0.0,6.0
2025-01-05 06:00:58.589,98332.78555774728,98231.16957570073,101.61598204655456,609.6958922793274,inf,50.0,0.0,6.0
2025-01-05 02:03:51.158,98118.75309342929,,,,,51.0,0.0,6.1000000000000005
2025-01-05 03:03:45.049,98209.76129204805,,,,,51.0,0.0,6.1000000000000005
2025-01-05 04:03:39.688,98166.25388666027,,,,,51.0,0.0,6.1000000000000005
2025-01-05 05:03:36.996,98328.29404861871,,,,,51.0,0.0,6.1000000000000005
2025-01-05 06:00:58.589,98332.78555774728,98231.16957570073,101.61598204655456,619.8574904839829,inf,51.0,0.0,6.1000000000000005
2025-01-05 02:03:51.158,98118.75309342929,,,,,52.0,0.0,6.2
2025-01-05 03:03:45.049,98209.76129204805,,,,,52.0,0.0,6.2
2025-01-05 04:03:39.688,98166.25388666027,,,,,52.0,0.0,6.2
2025-01-05 05:03:36.996,98328.29404861871,,,,,52.0,0.0,6.2
2025-01-05 06:00:58.589,98332.78555774728,98231.16957570073,101.61598204655456,630.0190886886384,inf,52.0,0.0,6.2
2025-01-05 02:03:51.158,98118.75309342929,,,,,53.0,0.0,6.300000000000001
2025-01-05 03:03:45.049,98209.76129204805,,,,,53.0,0.0,6.300000000000001
2025-01-05 04:03:39.688,98166.25388666027,,,,,53.0,0.0,6.300000000000001
2025-01-05 05:03:36.996,98328.29404861871,,,,,53.0,0.0,6.300000000000001
2025-01-05 06:00:58.589,98332.78555774728,98231.16957570073,101.61598204655456,640.1806868932938,inf,53.0,0.0,6.300000000000001
2025-01-05 02:03:51.158,98118.75309342929,,,,,54.0,0.0,6.4
2025-01-05 03:03:45.049,98209.76129204805,,,,,54.0,0.0,6.4
2025-01-05 04:03:39.688,98166.25388666027,,,,,54.0,0.0,6.4
2025-01-05 05:03:36.996,98328.29404861871,,,,,54.0,0.0,6.4
2025-01-05 06:00:58.589,98332.78555774728,98231.16957570073,101.61598204655456,650.3422850979492,inf,54.0,0.0,6.4
2025-01-05 02:03:51.158,98118.75309342929,,,,,55.0,0.0,6.5
2025-01-05 03:03:45.049,98209.76129204805,,,,,55.0,0.0,6.5
2025-01-05 04:03:39.688,98166.25388666027,,,,,55.0,0.0,6.5
2025-01-05 05:03:36.996,98328.29404861871,,,,,55.0,0.0,6.5
2025-01-05 06:00:58.589,98332.78555774728,98231.16957570073,101.61598204655456,660.5038833026047,inf,55.0,0.0,6.5
2025-01-05 02:03:51.158,98118.75309342929,,,,,56.0,0.0,6.6000000000000005
2025-01-05 03:03:45.049,98209.76129204805,,,,,56.0,0.0,6.6000000000000005
2025-01-05 04:03:39.688,98166.25388666027,,,,,56.0,0.0,6.6000000000000005
2025-01-05 05:03:36.996,98328.29404861871,,,,,56.0,0.0,6.6000000000000005
2025-01-05 06:00:58.589,98332.78555774728,98231.16957570073,101.61598204655456,670.6654815072602,inf,56.0,0.0,6.6000000000000005
2025-01-05 02:03:51.158,98118.75309342929,,,,,57.0,0.0,6.7
2025-01-05 03:03:45.049,98209.76129204805,,,,,57.0,0.0,6.7
2025-01-05 04:03:39.688,98166.25388666027,,,,,57.0,0.0,6.7
2025-01-05 05:03:36.996,98328.29404861871,,,,,57.0,0.0,6.7
2025-01-05 06:00:58.589,98332.78555774728,98231.16957570073,101.61598204655456,680.8270797119156,inf,57.0,0.0,6.7
2025-01-05 02:03:51.158,98118.75309342929,,,,,58.0,0.0,6.800000000000001
2025-01-05 03:03:45.049,98209.76129204805,,,,,58.0,0.0,6.800000000000001
2025-01-05 04:03:39.688,98166.25388666027,,,,,58.0,0.0,6.800000000000001
2025-01-05 05:03:36.996,98328.29404861871,,,,,58.0,0.0,6.800000000000001
2025-01-05 06:00:58.589,98332.78555774728,98231.16957570073,101.61598204655456,690.9886779165711,inf,58.0,0.0,6.800000000000001
2025-01-05 02:03:51.158,98118.75309342929,,,,,59.0,0.0,6.9
2025-01-05 03:03:45.049,98209.76129204805,,,,,59.0,0.0,6.9
2025-01-05 04:03:39.688,98166.25388666027,,,,,59.0,0.0,6.9
2025-01-05 05:03:36.996,98328.29404861871,,,,,59.0,0.0,6.9
2025-01-05 06:00:58.589,98332.78555774728,98231.16957570073,101.61598204655456,701.1502761212265,inf,59.0,0.0,6.9
2025-01-05 02:03:51.158,98118.75309342929,,,,,60.0,0.0,7.0
2025-01-05 03:03:45.049,98209.76129204805,,,,,60.0,0.0,7.0
2025-01-05 04:03:39.688,98166.25388666027,,,,,60.0,0.0,7.0
2025-01-05 05:03:36.996,98328.29404861871,,,,,60.0,0.0,7.0
2025-01-05 06:00:58.589,98332.78555774728,98231.16957570073,101.61598204655456,711.311874325882,inf,60.0,0.0,7.0
2025-01-05 02:03:51.158,98118.75309342929,,,,,61.0,0.0,7.1000000000000005
2025-01-05 03:03:45.049,98209.76129204805,,,,,61.0,0.0,7.1000000000000005
2025-01-05 04:03:39.688,98166.25388666027,,,,,61.0,0.0,7.1000000000000005
2025-01-05 05:03:36.996,98328.29404861871,,,,,61.0,0.0,7.1000000000000005
2025-01-05 06:00:58.589,98332.78555774728,98231.16957570073,101.61598204655456,721.4734725305375,inf,61.0,0.0,7.1000000000000005
2025-01-05 02:03:51.158,98118.75309342929,,,,,62.0,0.0,7.2
2025-01-05 03:03:45.049,98209.76129204805,,,,,62.0,0.0,7.2
2025-01-05 04:03:39.688,98166.25388666027,,,,,62.0,0.0,7.2
2025-01-05 05:03:36.996,98328.29404861871,,,,,62.0,0.0,7.2
2025-01-05 06:00:58.589,98332.78555774728,98231.16957570073,101.61598204655456,731.6350707351929,inf,62.0,0.0,7.2
2025-01-05 02:03:51.158,98118.75309342929,,,,,63.0,0.0,7.300000000000001
2025-01-05 03:03:45.049,98209.76129204805,,,,,63.0,0.0,7.300000000000001
2025-01-05 04:03:39.688,98166.25388666027,,,,,63.0,0.0,7.300000000000001
2025-01-05 05:03:36.996,98328.29404861871,,,,,63.0,0.0,7.300000000000001
2025-01-05 06:00:58.589,98332.78555774728,98231.16957570073,101.61598204655456,741.7966689398484,inf,63.0,0.0,7.300000000000001
2025-01-05 02:03:51.158,98118.75309342929,,,,,64.0,0.0,7.4
2025-01-05 03:03:45.049,98209.76129204805,,,,,64.0,0.0,7.4
2025-01-05 04:03:39.688,98166.25388666027,,,,,64.0,0.0,7.4
2025-01-05 05:03:36.996,98328.29404861871,,,,,64.0,0.0,7.4
2025-01-05 06:00:58.589,98332.78555774728,98231.16957570073,101.61598204655456,751.9582671445038,inf,64.0,0.0,7.4
2025-01-05 02:03:51.158,98118.75309342929,,,,,65.0,0.0,7.5
2025-01-05 03:03:45.049,98209.76129204805,,,,,65.0,0.0,7.5
2025-01-05 04:03:39.688,98166.25388666027,,,,,65.0,0.0,7.5
2025-01-05 05:03:36.996,98328.29404861871,,,,,65.0,0.0,7.5
2025-01-05 06:00:58.589,98332.78555774728,98231.16957570073,101.61598204655456,762.1198653491592,inf,65.0,0.0,7.5
2025-01-05 02:03:51.158,98118.75309342929,,,,,66.0,0.0,7.6000000000000005
2025-01-05 03:03:45.049,98209.76129204805,,,,,66.0,0.0,7.6000000000000005
2025-01-05 04:03:39.688,98166.25388666027,,,,,66.0,0.0,7.6000000000000005
2025-01-05 05:03:36.996,98328.29404861871,,,,,66.0,0.0,7.6000000000000005
2025-01-05 06:00:58.589,98332.78555774728,98231.16957570073,101.61598204655456,772.2814635538148,inf,66.0,0.0,7.6000000000000005
2025-01-05 02:03:51.158,98118.75309342929,,,,,67.0,0.0,7.7
2025-01-05 03:03:45.049,98209.76129204805,,,,,67.0,0.0,7.7
2025-01-05 04:03:39.688,98166.25388666027,,,,,67.0,0.0,7.7
2025-01-05 05:03:36.996,98328.29404861871,,,,,67.0,0.0,7.7
2025-01-05 06:00:58.589,98332.78555774728,98231.16957570073,101.61598204655456,782.4430617584702,inf,67.0,0.0,7.7
2025-01-05 02:03:51.158,98118.75309342929,,,,,68.0,0.0,7.800000000000001
2025-01-05 03:03:45.049,98209.76129204805,,,,,68.0,0.0,7.800000000000001
2025-01-05 04:03:39.688,98166.25388666027,,,,,68.0,0.0,7.800000000000001
2025-01-05 05:03:36.996,98328.29404861871,,,,,68.0,0.0,7.800000000000001
2025-01-05 06:00:58.589,98332.78555774728,98231.16957570073,101.61598204655456,792.6046599631256,inf,68.0,0.0,7.800000000000001
2025-01-05 02:03:51.158,98118.75309342929,,,,,69.0,0.0,7.9
2025-01-05 03:03:45.049,98209.76129204805,,,,,69.0,0.0,7.9
2025-01-05 04:03:39.688,98166.25388666027,,,,,69.0,0.0,7.9
2025-01-05 05:03:36.996,98328.29404861871,,,,,69.0,0.0,7.9
2025-01-05 06:00:58.589,98332.78555774728,98231.16957570073,101.61598204655456,802.7662581677811,inf,69.0,0.0,7.9
2025-01-05 02:03:51.158,98118.75309342929,,,,,70.0,0.0,8.0
2025-01-05 03:03:45.049,98209.76129204805,,,,,70.0,0.0,8.0
2025-01-05 04:03:39.688,98166.25388666027,,,,,70.0,0.0,8.0
2025-01-05 05:03:36.996,98328.29404861871,,,,,70.0,0.0,8.0
2025-01-05 06:00:58.589,98332.78555774728,98231.16957570073,101.61598204655456,812.9278563724365,inf,70.0,0.0,8.0
2025-01-05 02:03:51.158,98118.75309342929,,,,,71.0,0.0,8.100000000000001
2025-01-05 03:03:45.049,98209.76129204805,,,,,71.0,0.0,8.100000000000001
2025-01-05 04:03:39.688,98166.25388666027,,,,,71.0,0.0,8.100000000000001
2025-01-05 05:03:36.996,98328.29404861871,,,,,71.0,0.0,8.100000000000001
2025-01-05 06:00:58.589,98332.78555774728,98231.16957570073,101.61598204655456,823.089454577092,inf,71.0,0.0,8.100000000000001
2025-01-05 02:03:51.158,98118.75309342929,,,,,72.0,0.0,8.2
2025-01-05 03:03:45.049,98209.76129204805,,,,,72.0,0.0,8.2
2025-01-05 04:03:39.688,98166.25388666027,,,,,72.0,0.0,8.2
2025-01-05 05:03:36.996,98328.29404861871,,,,,72.0,0.0,8.2
2025-01-05 06:00:58.589,98332.78555774728,98231.16957570073,101.61598204655456,833.2510527817474,inf,72.0,0.0,8.2
2025-01-05 02:03:51.158,98118.75309342929,,,,,73.0,0.0,8.3
2025-01-05 03:03:45.049,98209.76129204805,,,,,73.0,0.0,8.3
2025-01-05 04:03:39.688,98166.25388666027,,,,,73.0,0.0,8.3
2025-01-05 05:03:36.996,98328.29404861871,,,,,73.0,0.0,8.3
2025-01-05 06:00:58.589,98332.78555774728,98231.16957570073,101.61598204655456,843.4126509864029,inf,73.0,0.0,8.3
2025-01-05 02:03:51.158,98118.75309342929,,,,,74.0,0.0,8.4
2025-01-05 03:03:45.049,98209.76129204805,,,,,74.0,0.0,8.4
2025-01-05 04:03:39.688,98166.25388666027,,,,,74.0,0.0,8.4
2025-01-05 05:03:36.996,98328.29404861871,,,,,74.0,0.0,8.4
2025-01-05 06:00:58.589,98332.78555774728,98231.16957570073,101.61598204655456,853.5742491910584,inf,74.0,0.0,8.4
2025-01-05 02:03:51.158,98118.75309342929,,,,,75.0,0.0,8.5
2025-01-05 03:03:45.049,98209.76129204805,,,,,75.0,0.0,8.5
2025-01-05 04:03:39.688,98166.25388666027,,,,,75.0,0.0,8.5
2025-01-05 05:03:36.996,98328.29404861871,,,,,75.0,0.0,8.5
2025-01-05 06:00:58.589,98332.78555774728,98231.16957570073,101.61598204655456,863.7358473957138,inf,75.0,0.0,8.5
2025-01-05 02:03:51.158,98118.75309342929,,,,,76.0,0.0,8.600000000000001
2025-01-05 03:03:45.049,98209.76129204805,,,,,76.0,0.0,8.600000000000001
2025-01-05 04:03:39.688,98166.25388666027,,,,,76.0,0.0,8.600000000000001
2025-01-05 05:03:36.996,98328.29404861871,,,,,76.0,0.0,8.600000000000001
2025-01-05 06:00:58.589,98332.78555774728,98231.16957570073,101.61598204655456,873.8974456003693,inf,76.0,0.0,8.600000000000001
2025-01-05 02:03:51.158,98118.75309342929,,,,,77.0,0.0,8.7
2025-01-05 03:03:45.049,98209.76129204805,,,,,77.0,0.0,8.7
2025-01-05 04:03:39.688,98166.25388666027,,,,,77.0,0.0,8.7
2025-01-05 05:03:36.996,98328.29404861871,,,,,77.0,0.0,8.7
2025-01-05 06:00:58.589,98332.78555774728,98231.16957570073,101.61598204655456,884.0590438050247,inf,77.0,0.0,8.7
2025-01-05 02:03:51.158,98118.75309342929,,,,,78.0,0.0,8.8
2025-01-05 03:03:45.049,98209.76129204805,,,,,78.0,0.0,8.8
2025-01-05 04:03:39.688,98166.25388666027,,,,,78.0,0.0,8.8
2025-01-05 05:03:36.996,98328.29404861871,,,,,78.0,0.0,8.8
2025-01-05 06:00:58.589,98332.78555774728,98231.16957570073,101.61598204655456,894.2206420096802,inf,78.0,0.0,8.8
2025-01-05 02:03:51.158,98118.75309342929,,,,,79.0,0.0,8.9
2025-01-05 03:03:45.049,98209.76129204805,,,,,79.0,0.0,8.9
2025-01-05 04:03:39.688,98166.25388666027,,,,,79.0,0.0,8.9
2025-01-05 05:03:36.996,98328.29404861871,,,,,79.0,0.0,8.9
2025-01-05 06:00:58.589,98332.78555774728,98231.16957570073,101.61598204655456,904.3822402143356,inf,79.0,0.0,8.9
2025-01-05 02:03:51.158,98118.75309342929,,,,,80.0,0.0,9.0
2025-01-05 03:03:45.049,98209.76129204805,,,,,80.0,0.0,9.0
2025-01-05 04:03:39.688,98166.25388666027,,,,,80.0,0.0,9.0
2025-01-05 05:03:36.996,98328.29404861871,,,,,80.0,0.0,9.0
2025-01-05 06:00:58.589,98332.78555774728,98231.16957570073,101.61598204655456,914.5438384189911,inf,80.0,0.0,9.0
2025-01-05 02:03:51.158,98118.75309342929,,,,,81.0,0.0,9.1
2025-01-05 03:03:45.049,98209.76129204805,,,,,81.0,0.0,9.1
2025-01-05 04:03:39.688,98166.25388666027,,,,,81.0,0.0,9.1
2025-01-05 05:03:36.996,98328.29404861871,,,,,81.0,0.0,9.1
2025-01-05 06:00:58.589,98332.78555774728,98231.16957570073,101.61598204655456,924.7054366236465,inf,81.0,0.0,9.1
2025-01-05 02:03:51.158,98118.75309342929,,,,,82.0,0.0,9.200000000000001
2025-01-05 03:03:45.049,98209.76129204805,,,,,82.0,0.0,9.200000000000001
2025-01-05 04:03:39.688,98166.25388666027,,,,,82.0,0.0,9.200000000000001
2025-01-05 05:03:36.996,98328.29404861871,,,,,82.0,0.0,9.200000000000001
2025-01-05 06:00:58.589,98332.78555774728,98231.16957570073,101.61598204655456,934.867034828302,inf,82.0,0.0,9.200000000000001
2025-01-05 02:03:51.158,98118.75309342929,,,,,83.0,0.0,9.3
2025-01-05 03:03:45.049,98209.76129204805,,,,,83.0,0.0,9.3
2025-01-05 04:03:39.688,98166.25388666027,,,,,83.0,0.0,9.3
2025-01-05 05:03:36.996,98328.29404861871,,,,,83.0,0.0,9.3
2025-01-05 06:00:58.589,98332.78555774728,98231.16957570073,101.61598204655456,945.0286330329575,inf,83.0,0.0,9.3
2025-01-05 02:03:51.158,98118.75309342929,,,,,84.0,0.0,9.4
2025-01-05 03:03:45.049,98209.76129204805,,,,,84.0,0.0,9.4
2025-01-05 04:03:39.688,98166.25388666027,,,,,84.0,0.0,9.4
2025-01-05 05:03:36.996,98328.29404861871,,,,,84.0,0.0,9.4
2025-01-05 06:00:58.589,98332.78555774728,98231.16957570073,101.61598204655456,955.1902312376129,inf,84.0,0.0,9.4
2025-01-05 02:03:51.158,98118.75309342929,,,,,85.0,0.0,9.5
2025-01-05 03:03:45.049,98209.76129204805,,,,,85.0,0.0,9.5
2025-01-05 04:03:39.688,98166.25388666027,,,,,85.0,0.0,9.5
2025-01-05 05:03:36.996,98328.29404861871,,,,,85.0,0.0,9.5
2025-01-05 06:00:58.589,98332.78555774728,98231.16957570073,101.61598204655456,965.3518294422684,inf,85.0,0.0,9.5
2025-01-05 02:03:51.158,98118.75309342929,,,,,86.0,0.0,9.6
2025-01-05 03:03:45.049,98209.76129204805,,,,,86.0,0.0,9.6
2025-01-05 04:03:39.688,98166.25388666027,,,,,86.0,0.0,9.6
2025-01-05 05:03:36.996,98328.29404861871,,,,,86.0,0.0,9.6
2025-01-05 06:00:58.589,98332.78555774728,98231.16957570073,101.61598204655456,975.5134276469238,inf,86.0,0.0,9.6
2025-01-05 02:03:51.158,98118.75309342929,,,,,87.0,0.0,9.700000000000001
2025-01-05 03:03:45.049,98209.76129204805,,,,,87.0,0.0,9.700000000000001
2025-01-05 04:03:39.688,98166.25388666027,,,,,87.0,0.0,9.700000000000001
2025-01-05 05:03:36.996,98328.29404861871,,,,,87.0,0.0,9.700000000000001
2025-01-05 06:00:58.589,98332.78555774728,98231.16957570073,101.61598204655456,985.6750258515793,inf,87.0,0.0,9.700000000000001
2025-01-05 02:03:51.158,98118.75309342929,,,,,88.0,0.0,9.8
2025-01-05 03:03:45.049,98209.76129204805,,,,,88.0,0.0,9.8
2025-01-05 04:03:39.688,98166.25388666027,,,,,88.0,0.0,9.8
2025-01-05 05:03:36.996,98328.29404861871,,,,,88.0,0.0,9.8
2025-01-05 06:00:58.589,98332.78555774728,98231.16957570073,101.61598204655456,995.8366240562348,inf,88.0,0.0,9.8
2025-01-05 02:03:51.158,98118.75309342929,,,,,89.0,0.0,9.9
2025-01-05 03:03:45.049,98209.76129204805,,,,,89.0,0.0,9.9
2025-01-05 04:03:39.688,98166.25388666027,,,,,89.0,0.0,9.9
2025-01-05 05:03:36.996,98328.29404861871,,,,,89.0,0.0,9.9
2025-01-05 06:00:58.589,98332.78555774728,98231.16957570073,101.61598204655456,1005.9982222608902,inf,89.0,0.0,9.9
2025-01-05 02:03:51.158,98118.75309342929,,,,,90.0,0.0,10.0
2025-01-05 03:03:45.049,98209.76129204805,,,,,90.0,0.0,10.0
2025-01-05 04:03:39.688,98166.25388666027,,,,,90.0,0.0,10.0
2025-01-05 05:03:36.996,98328.29404861871,,,,,90.0,0.0,10.0
2025-01-05 06:00:58.589,98332.78555774728,98231.16957570073,101.61598204655456,1016.1598204655456,inf,90.0,0.0,10.0
2025-01-05 02:03:51.158,98118.75309342929,,,,,91.0,0.0,10.1
2025-01-05 03:03:45.049,98209.76129204805,,,,,91.0,0.0,10.1
2025-01-05 04:03:39.688,98166.25388666027,,,,,91.0,0.0,10.1
2025-01-05 05:03:36.996,98328.29404861871,,,,,91.0,0.0,10.1
2025-01-05 06:00:58.589,98332.78555774728,98231.16957570073,101.61598204655456,1026.321418670201,inf,91.0,0.0,10.1
2025-01-05 02:03:51.158,98118.75309342929,,,,,92.0,0.0,10.200000000000001
2025-01-05 03:03:45.049,98209.76129204805,,,,,92.0,0.0,10.200000000000001
2025-01-05 04:03:39.688,98166.25388666027,,,,,92.0,0.0,10.200000000000001
2025-01-05 05:03:36.996,98328.29404861871,,,,,92.0,0.0,10.200000000000001
2025-01-05 06:00:58.589,98332.78555774728,98231.16957570073,101.61598204655456,1036.4830168748567,inf,92.0,0.0,10.200000000000001
2025-01-05 02:03:51.158,98118.75309342929,,,,,93.0,0.0,10.3
2025-01-05 03:03:45.049,98209.76129204805,,,,,93.0,0.0,10.3
2025-01-05 04:03:39.688,98166.25388666027,,,,,93.0,0.0,10.3
2025-01-05 05:03:36.996,98328.29404861871,,,,,93.0,0.0,10.3
2025-01-05 06:00:58.589,98332.78555774728,98231.16957570073,101.61598204655456,1046.644615079512,inf,93.0,0.0,10.3
2025-01-05 02:03:51.158,98118.75309342929,,,,,94.0,0.0,10.4
2025-01-05 03:03:45.049,98209.76129204805,,,,,94.0,0.0,10.4
2025-01-05 04:03:39.688,98166.25388666027,,,,,94.0,0.0,10.4
2025-01-05 05:03:36.996,98328.29404861871,,,,,94.0,0.0,10.4
2025-01-05 06:00:58.589,98332.78555774728,98231.16957570073,101.61598204655456,1056.8062132841676,inf,94.0,0.0,10.4
2025-01-05 02:03:51.158,98118.75309342929,,,,,95.0,0.0,10.5
2025-01-05 03:03:45.049,98209.76129204805,,,,,95.0,0.0,10.5
2025-01-05 04:03:39.688,98166.25388666027,,,,,95.0,0.0,10.5
2025-01-05 05:03:36.996,98328.29404861871,,,,,95.0,0.0,10.5
2025-01-05 06:00:58.589,98332.78555774728,98231.16957570073,101.61598204655456,1066.967811488823,inf,95.0,0.0,10.5
2025-01-05 02:03:51.158,98118.75309342929,,,,,96.0,0.0,10.600000000000001
2025-01-05 03:03:45.049,98209.76129204805,,,,,96.0,0.0,10.600000000000001
2025-01-05 04:03:39.688,98166.25388666027,,,,,96.0,0.0,10.600000000000001
2025-01-05 05:03:36.996,98328.29404861871,,,,,96.0,0.0,10.600000000000001
2025-01-05 06:00:58.589,98332.78555774728,98231.16957570073,101.61598204655456,1077.1294096934785,inf,96.0,0.0,10.600000000000001
2025-01-05 02:03:51.158,98118.75309342929,,,,,97.0,0.0,10.700000000000001
2025-01-05 03:03:45.049,98209.76129204805,,,,,97.0,0.0,10.700000000000001
2025-01-05 04:03:39.688,98166.25388666027,,,,,97.0,0.0,10.700000000000001
2025-01-05 05:03:36.996,98328.29404861871,,,,,97.0,0.0,10.700000000000001
2025-01-05 06:00:58.589,98332.78555774728,98231.16957570073,101.61598204655456,1087.291007898134,inf,97.0,0.0,10.700000000000001
2025-01-05 02:03:51.158,98118.75309342929,,,,,98.0,0.0,10.8
2025-01-05 03:03:45.049,98209.76129204805,,,,,98.0,0.0,10.8
2025-01-05 04:03:39.688,98166.25388666027,,,,,98.0,0.0,10.8
2025-01-05 05:03:36.996,98328.29404861871,,,,,98.0,0.0,10.8
2025-01-05 06:00:58.589,98332.78555774728,98231.16957570073,101.61598204655456,1097.4526061027893,inf,98.0,0.0,10.8
2025-01-05 02:03:51.158,98118.75309342929,,,,,99.0,0.0,10.9
2025-01-05 03:03:45.049,98209.76129204805,,,,,99.0,0.0,10.9
2025-01-05 04:03:39.688,98166.25388666027,,,,,99.0,0.0,10.9
2025-01-05 05:03:36.996,98328.29404861871,,,,,99.0,0.0,10.9
2025-01-05 06:00:58.589,98332.78555774728,98231.16957570073,101.61598204655456,1107.6142043074449,inf,99.0,0.0,10.9
